,ph,Hardness,Solids,Chloramines,Sulfate,Conductivity,Organic_carbon,Trihalomethanes,Turbidity,Potability
ph,1.0,0.08209640686603702,-0.08928825011982429,-0.034349865310687955,0.018203101178235027,0.018614209503621658,0.04350334128238972,0.0033541703101398804,-0.03905666613664019,-0.0035564617651680386
Hardness,0.08209640686603702,1.0,-0.04689936548817769,-0.03005423856376886,-0.10692345399851362,-0.023914599662821827,0.003610040323735707,-0.013013215587152972,-0.014449129313291509,-0.013836558085111897
Solids,-0.08928825011982429,-0.04689936548817769,1.0,-0.07014757983260811,-0.17180427470199292,0.013830898324440413,0.01024234296976802,-0.009143253045947364,0.019546144182463494,0.03374331339365026
Chloramines,-0.034349865310687955,-0.03005423856376886,-0.07014757983260811,1.0,0.027244272214811953,-0.02048640920836434,-0.012653471042452432,0.01708402623193681,0.0023633210684490037,0.02377897199467
Sulfate,0.018203101178235027,-0.10692345399851362,-0.17180427470199292,0.027244272214811953,1.0,-0.016120564484978474,0.03083117122697763,-0.03027406187757645,-0.011186961299773687,-0.023577040191927266
Conductivity,0.018614209503621658,-0.023914599662821827,0.013830898324440413,-0.02048640920836434,-0.016120564484978474,1.0,0.020966360660054594,0.0012852360715532888,0.005798167748576468,-0.008128319721545636
Organic_carbon,0.04350334128238972,0.003610040323735707,0.01024234296976802,-0.012653471042452432,0.03083117122697763,0.020966360660054594,1.0,-0.013274179089299773,-0.027308113024473623,-0.030001366610944234
Trihalomethanes,0.0033541703101398804,-0.013013215587152972,-0.009143253045947364,0.01708402623193681,-0.03027406187757645,0.0012852360715532888,-0.013274179089299773,1.0,-0.022144966846641502,0.007130401120661979
Turbidity,-0.03905666613664019,-0.014449129313291509,0.019546144182463494,0.0023633210684490037,-0.011186961299773687,0.005798167748576468,-0.027308113024473623,-0.022144966846641502,1.0,0.0015806819539225805
Potability,-0.0035564617651680386,-0.013836558085111897,0.03374331339365026,0.02377897199467,-0.023577040191927266,-0.008128319721545636,-0.030001366610944234,0.007130401120661979,0.0015806819539225805,1.0
