Feature,Importance,Std
Sulfate,0.11375927734374998,0.01598631919405405
ph,0.11188183593750001,0.01938116949975628
Hardness,0.042927897135416684,0.010229897991538612
Solids,0.042254557291666654,0.008620656835003924
Chloramines,0.038575195312500005,0.009112548606823175
Organic_carbon,0.0032581380208333345,0.0022278506235636365
Trihalomethanes,-0.0005817057291666705,0.002898222616843847
Conductivity,-0.0020895182291666794,0.005430437717096932
Turbidity,-0.006344075520833303,0.00420219090200642
